Config1,41.5,-1.8,-28.8,11.2,22.2,15.3,14
Config2,34.7,-10.2,25.5,14.9,7.1,33.2,3.7
Config3,26.9,0.8,-9.8,9.5,9.1,12.2,22.8
Config4,13.7,-14.8,2,-13.2,40.6,24.5,38.1
Config5,26.6,-4.8,22.7,-7.9,32.6,30.9,38.7
Config6,40.9,-4.8,-22.9,5.7,18.3,14.8,43.4
Config7,26.4,0.1,-25.3,37.4,32.2,0.4,11.6
Config8,-0.5,-3.9,11.4,-1.9,16.2,16.8,6.4
Config9,44.8,-5.1,-16.9,8.4,24.2,-1.3,39.6
Config10,-4.9,4.6,27.9,-4.4,25,-11,31.6
Config11,20.9,-10.3,-7.6,8.3,28.1,7,24.8
Config12,15.1,16.2,25.6,31.2,-1.5,-0.7,11.8
Config13,2,14.5,9,-8.8,13.5,-5.7,29.2
Config14,-12.2,-9.3,0.8,-2.3,18.8,2.2,11.2
Config15,0.4,-16.3,-18.7,15.1,26,-16.5,15.3
Config16,-9.6,12.2,-34.6,-3.2,12.2,2.3,11.2
Config17,9.3,19,20.8,34.9,36.8,-4.3,24.6
Config18,3.6,1.2,1.7,-13.8,13.2,-4.1,12.4
Config19,-1.6,-16.5,22.7,17.2,6.1,3.6,44.1
Config20,9.2,-18.3,-11.5,-17.3,17.4,33.2,-2.7
Config21,14.1,-8.9,9.7,8.9,29.6,9,9.4
Config22,22.9,0.7,33.1,20.4,4.7,13,32.8
Config23,16.9,-16.8,33.9,-13.6,42.3,30.5,37.8
Config24,39,-14.7,-20.6,-2.4,12.1,-4.8,41.5
Config25,9.1,15.6,30.2,5.3,26,39.4,-2.1
Config26,27.9,17.2,26.3,18.3,5.6,-16.6,13.3
Config27,-5.6,10,21.8,33.7,1.7,6.3,18.5
Config28,-2.6,-4.4,-19.8,23,12.6,19.4,17
Config29,-11,-3,24.6,-3.1,42.5,35.5,23.8
Config30,-7.4,-8.8,1.7,23.2,3.2,-8.1,28.5
Config31,-9.5,6,-4.7,24.7,42.4,29,0
Config32,6.1,-20.4,6.1,-5.7,12.6,4.1,25.8
Config33,4,2.1,-27.5,28.6,36.5,27.3,12.7
Config34,-9.7,16.9,-4.1,-10.3,13,17.5,6.1
Config35,5.6,1.3,7.3,1.9,11.2,37.6,-1.9
Config36,36.5,5.6,14.5,13.9,19.4,-3,22.1
Config37,8.1,-14.8,-14.8,20.8,32.2,12,8.3
Config38,11,13.9,-29.5,-4.3,32.3,-15.1,13.3
Config39,34.7,13.7,20.9,15.7,6.8,34.1,7.2
Config40,45.4,17.4,-22.9,35.5,17.7,-4.4,43.2
Config41,-8.9,10.7,-12,13.6,7.6,27.2,7.4
Config42,-5.7,16.9,6.1,8.1,44,-15.3,39.4
Config43,-3.7,-2.7,-23.5,-8.1,28.7,-6.7,36.5
Config44,36.1,-0.6,20.5,3.3,44.5,28.2,34.9
Config45,20.5,-15.3,-18.1,10.6,34.7,33.1,12.5
Config46,37.7,11.5,25.3,18.4,27.8,27.6,37
Config47,37.8,-13.6,-34.9,-2,37.9,-12.7,13.2
Config48,34.7,-15.3,-18.2,20.4,43.9,25.8,43.5
Config49,-0.1,-5.4,30.9,29.5,13.4,-13.7,27.2
Config50,28.4,0.3,-9.8,12.6,8,-9.4,39.5
Config51,11.4,-12.5,25.5,8.1,40.1,-13.8,40.5
Config52,13.3,-9.1,-8.9,23.7,3,12.8,34.1
Config53,9.3,-12.6,-12.4,7.9,44.4,32.9,37.8
Config54,14.3,13,-19.4,27.8,17,16,41.2
Config55,17.2,-11.6,15.6,37.2,-4.6,19.7,35.1
Config56,40.9,-11.9,18.4,3.2,10.9,-0.5,11.8
Config57,6.7,5.3,6.8,8.3,13.5,18,9.9
Config58,8.1,-19.7,-10.1,-1.1,20.8,10.6,20.1
Config59,22.2,6.9,10.5,-7.2,42,34.8,8.7
Config60,42.9,-6.6,11.8,12.9,35.8,25.4,25.7
Config61,35.9,-19.5,-27.6,15.8,8.6,2.7,31.8
Config62,18.1,-4.7,-34.6,14.4,36.2,12,10.3
Config63,-3.1,18.7,-17.6,25.9,25.1,-3.9,12.4
Config64,-5.7,8.9,16.5,6.6,10,27.1,7.6
Config65,14.5,-8.9,12.5,11.2,19.1,38.1,31.5
Config66,25.1,8.7,0.9,18.7,32.6,-9.5,18.2
Config67,38.6,9.3,22.5,-14.4,25.3,21.1,4.4
Config68,16.2,16.5,-30.9,4.2,10.6,31.5,41.5
Config69,9.4,12.9,-24.4,-16.6,13.2,14.3,7.4
Config70,3.1,3.3,-27.2,39.1,43.2,-9.3,27
Config71,39.7,4.7,19.1,-16,13.7,20.9,4.5
Config72,20.6,-2.6,17.1,35.2,21,9.4,39
Config73,39.4,5.4,-22.6,29,43.8,14.2,21.3
Config74,30.8,-18.6,19.7,28.9,2.8,28.8,15.9
Config75,17.3,0.6,-0.2,36.7,33.6,-1,15.8
Config76,13.1,6.7,1.3,28.2,37.8,27.8,18.7
Config77,-2.2,-11,0.3,-15.4,23.2,-10.7,13.1
Config78,-1.6,-6.5,-24.9,9.8,41.6,0.6,13.3
Config79,-3.2,12.1,-11.1,17.8,23.1,-14,13.2
Config80,3.8,19.3,-17,29,-0.1,18.7,18.1
Config81,23,15.7,-28,-3.3,33.3,16.6,6.5
Config82,22.6,-4.5,12.6,20.9,14.5,28.8,40
Config83,40.7,13.3,9.7,-3.7,16.1,-14.3,40.3
Config84,-1.4,-4.6,13.7,1.2,11.4,0.3,20.3
Config85,24.9,-6.5,-13.7,12,30.4,-10.2,24.3
Config86,32.8,0.1,20.4,32.4,38.4,5.7,34.1
Config87,-8,14,0,3.5,10.8,35.6,38.4
Config88,25,2.2,5.1,29.9,7.2,26.2,1.7
Config89,-2.8,1,-5.3,-5.1,31.9,6.3,32.7
Config90,-10.6,-5.6,16.3,11.1,8.6,-7.3,20.4
Config91,-11.7,2.8,-33.6,-2.1,29.1,6.8,32.1
Config92,12.8,-12.8,13.7,35,41.4,-3.7,28.5
Config93,-5.2,-17.5,13.4,23.1,34.9,11.9,29.4
Config94,41,0.6,20.4,14.1,37.5,22.4,38.6
Config95,17,8.1,32.9,-6.4,38,32.6,-1.2
Config96,35.7,-17.7,-0.9,-12.1,28.7,33.2,-2.7
Config97,-8.8,-19.2,-1.4,22.6,3.5,-8.4,12.9
Config98,4.3,-14.8,-7.5,24.8,17.3,30,26.4
Config99,32.3,13.9,-9.5,-6.6,12.7,29.4,5.8
Config100,25.6,-5.6,-34.8,-10.1,14.8,0.8,11.5
Config101,-1,-6.2,-25.4,3.7,37.3,-1.2,11.9
Config102,36.6,-0.6,-2.4,3.5,10.8,-3.4,12.3
Config103,45.3,-14.9,17.8,19.7,22.3,34.8,41
Config104,21.9,2.7,-33,-16.9,13.2,-5.1,35.4
Config105,43.1,14.6,15.8,-4.9,12.5,-4.3,39.4
Config106,9.6,-10.7,0.4,26,34.8,15.4,10.6
Config107,34,-18.5,24.7,21,4.3,0.8,11.5
Config108,11.5,-10.2,7.7,5.7,40.4,2.6,11.1
Config109,25.4,6.5,22.2,25.6,1.9,0.4,32.7
Config110,16.3,-17.1,10.3,1.7,11.3,23.2,20.7
Config111,2.2,-11,1.9,32.8,24.8,33.8,40.6
Config112,0.2,12.7,6.2,-0.8,41.1,35.1,15.4
Config113,19.1,-0.9,-12.5,29.7,16.1,-11.7,13.2
Config114,11.9,10.6,15.9,34.5,39.4,7.2,42.7
Config115,17.6,-11.7,-8.9,35.6,40.6,11.4,8.5
Config116,30.1,-3,12.4,26,3.2,13.6,42.6
Config117,-5.6,3.6,-33.1,18,5.8,24.9,11.5
Config118,6.1,-19.3,-1,-0.7,13,38.4,30.3
Config119,6.5,14,-10.6,1.4,18,24.7,2.5
Config120,14.2,3.1,28.9,10.9,12.4,28.5,12.4
Config121,39.7,-5.5,-21.4,-9.1,38.3,11.9,15.6
Config122,-3.6,15.3,-25.5,-10.4,13,-4.8,39.3
Config123,15,9.4,-8.1,27.4,0.9,3.7,10.9
Config124,32.2,-2.1,-10.3,22.6,34.6,20.5,4.7
Config125,-3.5,10.7,7.2,6.3,38.7,-7.7,12.9
Config126,26.1,-14.3,30.4,0.3,28.2,-5.8,25.8
Config127,7.8,20.7,-1.4,30.4,31.8,26.4,42.9
Config128,34.5,9.6,20.3,-7.5,31.4,3.2,11
Config129,-0.1,15,-22.9,12,8.2,28.6,0.3
Config130,8.9,-1,21.6,-17.3,26.3,25.6,23.2
Config131,48.2,13.5,4.9,31.1,-1.4,-9.9,13.1
Config132,21.1,1.1,-30,-1.8,12,1.3,11.4
Config133,12,-20.1,-8,15.3,11.6,18.3,25.8
Config134,2,-5,8.8,10.7,8.7,25.9,11.1
Config135,37.9,7,21.1,14.1,25.7,1.5,11.4
Config136,6.8,16,4.5,7.9,42.1,12.2,8.2
Config137,-1,15.1,-26.2,13.2,13.9,16.6,30.7
Config138,-13.7,-13.4,15.6,-14.1,42.2,27.3,1.1
Config139,22.6,12.8,5.8,15.3,41.6,22.2,28.9
Config140,33.7,0.6,-8.2,33.8,33.7,18.8,40.1
Config141,27.9,6.9,-11.3,33,23.4,7.7,27.8
Config142,41.4,-10.4,22.8,-9.6,40.9,-16.4,41.2
Config143,7.1,-13.1,-23,8.1,24.4,6.6,11
Config144,0.8,2.5,28.1,-1.9,28.1,15.2,32.8
Config145,36.4,-1.4,27,27.2,4.4,15,16.6
Config146,-9.6,9.8,25.4,9.6,21.4,-7.8,17.2
Config147,-6,8.2,-20.8,21.5,14.4,26,39.5
Config148,29.3,2.5,1.6,21.2,7.5,-11.9,31.8
Config149,32.6,-10.3,33.4,25.8,16.1,-0.2,40.6
Config150,7.9,6.8,-12.6,15.8,27.6,-9.9,13.1
Config151,6.1,-5.1,-22.2,16.7,20.1,-4.5,17.4
Config152,28.4,17.5,17.6,23.6,27.7,27.7,21.5
Config153,24,-10.4,-0.1,11.7,19.7,18.5,30.6
Config154,-9.4,-2.6,28.2,33.3,12.1,9.7,9.1
Config155,-9.4,15.2,-24.9,32.8,6.8,-16.6,29.1
Config156,-13.8,-7.9,31.5,26.2,37.4,14.9,7.2
Config157,10.8,-5,-4.6,2,23.7,-16.4,13.3
Config158,1.4,-3.9,-29.2,26.8,31.3,-13.3,22.3
Config159,8.3,-1.1,-28.4,1.7,29.6,22.8,3.5
Config160,-4.4,-13.3,-3.3,-7.4,12.8,-14.2,13.3
Config161,32,9,-14.1,-14.8,13.2,-11.8,41.7
Config162,37.7,10.1,19.1,10.8,28.3,39.3,9.9
Config163,15.8,10.7,-24.4,-5.8,35.1,-12.9,13.2
Config164,4.5,-4.2,26.5,38,14.2,-11.7,27.9
Config165,48.5,-15.6,-34.3,12,30.8,8.7,17.8
Config166,-10.7,-0.9,-23.7,31.5,9.1,-12.1,43.6
Config167,-1.4,10.9,-33.2,-10.1,13,17,6.3
Config168,23.4,2.9,23.4,18.4,5.6,-8.7,13
Config169,45.3,8.4,-8.8,-3.8,12.3,36.5,13.6
Config170,-5.4,8.7,34.6,-16.8,19.8,30,30.9
Config171,27.1,-7,-34.7,17.7,14.4,20.3,4.8
Config172,-3.2,-15,26.5,-1.8,34.8,32,20.1
Config173,39.9,-19.6,-25.8,4.9,34.2,24.5,34
Config174,8.5,-7.3,-18.4,-10.8,21.2,33.4,43.8
Config175,19.2,7,3,4.4,10.7,34.4,8.2
Config176,5.4,-12.4,26.7,-13,34.5,-0.5,12.1
Config177,44.5,-2.8,9,-4,42,11.9,13.8
Config178,34.9,16.5,-9.1,24,2.8,27.8,27.1
Config179,-9.9,-12.6,30.3,12.9,7.9,14.4,12
Config180,13,8.4,-6.8,4.1,22.8,-4.9,26.7
Config181,45.4,-4.7,-29.6,-14.2,13.2,-12.9,25.5
Config182,-6.9,-5.5,-31.6,32.3,2.4,38.4,1.9
Config183,20.3,7.2,-32.4,16,20.8,-1.8,34.1
Config184,8.3,-3.6,24.6,-14.9,19.1,15.6,34.2
Config185,-12.5,-11.9,33.8,-1,11.8,36.2,25.1
Config186,-4.8,4.1,-24.4,13.7,43,17.7,35.5
Config187,18,-0.2,-1.3,-11.9,13.1,4.1,21.1
Config188,33.1,-0.2,27.6,13.4,7.7,3.4,29.2
Config189,15.3,15.2,-7.4,18.6,13,39,-5.6
Config190,-11.2,2.3,-12,8.3,36.6,4.6,10.6
Config191,-10.1,-2.1,22.8,16.1,8,9.8,41.2
Config192,22.5,-17.8,1.1,-1.9,19.1,-1.9,12.1
Config193,28.9,18.5,23.8,26.2,1.6,-12.6,13.2
Config194,25.3,1,1.3,35.2,3.7,33.5,5.2
Config195,-10.9,5.1,-11.8,20.9,7.1,3.1,31
Config196,4,8.2,29.6,28.5,44.1,-0.5,11.8
Config197,28,20.5,16.4,29.7,37.6,29.1,0.6
Config198,-4.9,9.3,-32.6,-2.8,12.1,-2.6,14.6
Config199,30.4,12.7,27.9,35.7,21,12.8,22.2
Config200,17.1,9.8,33,6.9,40.4,34.3,29.2
Config201,-5.4,15.4,-2.9,7.1,16.9,-15.2,37.5
Config202,-5.7,16.1,11.3,12.5,18.9,-6.4,43.9
Config203,42.6,4.9,19.9,5.3,23.7,2.3,11.2
Config204,17.1,-7.9,-21.9,-11.3,13.1,9.3,20.5
Config205,-4.5,10.8,30.6,-8.6,13.6,31,25.1
Config206,-1.7,-1.7,-12.5,-3.9,33.2,-5.8,32.5
Config207,25.5,-15.2,-18.2,17.4,6.1,7.1,36.3
Config208,32.6,-3.4,31.2,23.8,42.1,0.2,15
Config209,37.6,-19,-26,25.9,1.8,36.5,43
Config210,29.7,-20.7,-23,6.5,42.4,15.5,20.6
Config211,29.3,-12.8,-17.1,2.4,39.1,23.5,30.2
Config212,-12.3,18.9,3.7,23.6,40.6,-3.9,29.9
Config213,41,-18.7,28,21.3,40.3,25.3,7.9
Config214,22.6,7.2,-15.3,7.9,44.3,28.4,43.8
Config215,9.8,16.7,6.4,-2.4,24.7,37.8,7.3
Config216,5.3,-8.4,1.1,24.6,25.7,18.5,5.6
Config217,5.3,-7.8,4.8,-9,23.9,32.7,36.8
Config218,31.5,5.6,-31.9,-5.3,12.5,0.7,35.4
Config219,40.8,17,-27.3,29.8,36.3,32.8,8.9
Config220,19.6,-1.3,19.8,-6,12.6,-17,29
Config221,42.1,-8.7,21.8,6.6,16.8,-0.8,41.5
Config222,11.7,-14.8,19.4,27,28.3,21.4,9.4
Config223,38,-6.6,-32.8,11.4,8.4,30.8,22.4
Config224,0.6,10.8,28.8,29.6,17,22.8,12.5
Config225,24.5,5.2,-18.4,-17.4,13.2,-11.7,15
Config226,7.4,10.2,9.1,35.7,7.4,7.5,32.9
Config227,-1.3,18.9,-12.7,28.4,4.8,-9.7,13
Config228,-0.7,-5.8,-29.6,8.4,37.1,-4.8,17.6
Config229,31.4,-18.3,25.6,30.4,-0.9,29.2,37.9
Config230,2.9,-10.5,10.9,-12.7,13.1,25,36.5
Config231,2,15.2,-27.4,7.9,9.6,-4.1,12.4
Config232,-5.2,10.4,-23,-7.5,25.4,33.5,-2.4
Config233,16.3,-19,7.2,8.4,9.5,32.1,10.3
Config234,4.5,-0.7,12.1,6,10.2,21.6,23.6
Config235,43.1,-3.2,-8.6,14.3,16.9,30.3,-0.5
Config236,17.3,0.1,19.3,9.4,31.5,29.4,15.1
Config237,8.9,-4.7,26.7,23.7,23.4,2.8,11.1
Config238,25.3,3.4,-8.6,-9.9,14.1,12.7,16.1
Config239,37.5,2,1.3,-14.2,43.5,23.3,12.6
Config240,36,-1,5.5,12.6,15.7,10.5,30.9
Config241,-4.2,11.7,26.9,38,36.5,-7.1,36.6
Config242,15.8,18.1,-1.8,17.3,34.9,15.7,6.9
Config243,1.7,12.3,6,25.8,4.1,16.6,11.8
Config244,-4.5,-5.1,12.3,-14.1,13.2,-6.2,29.6
Config245,31.5,6.3,-14,34.3,-2.1,21.5,4.2
Config246,-6.3,4.2,9.8,31.6,8.4,-12,13.2
Config247,-11.5,-15.9,-8.6,25.3,2.4,11.7,24.5
Config248,43,-2.7,9.4,6,36.3,-17.2,13.3
Config249,44.4,-12,7.5,6.7,10.3,21,18.5
Config250,6.2,-3,-12.4,19.4,42.3,-12,26.9
Config251,44.8,-10.3,-6.8,29.6,33.3,-17.2,31.9
Config252,-7.1,9.1,20.7,-3.3,19.7,15.2,25.3
Config253,48,-7.4,-5.9,26.3,33.9,-16.3,26.9
Config254,31.9,-13.5,-10.2,37.4,19.9,18.2,5.8
Config255,38.7,13.8,-21.9,-3.4,29.7,3.4,10.9
Config256,11.5,-4.5,-20.5,12.2,37.1,15.1,13.8
Config257,9.9,18.3,-5.9,36.4,-1.2,-16.8,33.1
Config258,-12.5,5.1,9.1,35,-4.1,-5.3,41.7
Config259,-8.4,-14,-15,-5.7,43.5,-2.5,34.5
Config260,-5.9,4.8,2.4,19.5,20.5,-12.8,13.2
Config261,18.1,15.8,-3,13.6,7.9,7.1,41.2
Config262,27.5,5.5,32.8,26.3,15.7,25.3,2.2
Config263,32.7,-13.1,16.5,26.8,13.8,33.9,4
Config264,9.8,19.9,-4.6,12.4,25.6,6.2,10.2
Config265,43.9,1.5,-3.8,10.5,30.2,-1.6,41.3
Config266,-9.7,-12.4,33.5,7.7,24.1,-4.5,13.2
Config267,23.9,8.5,4.1,14.7,16.8,4.7,10.6
Config268,37,-15.4,19.2,12.6,31.8,-10.6,13.1
Config269,-5.9,7,-8.7,7.2,37.9,29.7,31.4
Config270,-10.2,-11,-1.2,24,18.8,-2.4,12.2
Config271,14.1,20.4,-10.2,24.5,2.5,26,17.3
Config272,7.8,-11.6,-23.6,8.6,19.6,-3.5,35.2
Config273,-14,-4.3,-4,30.2,38.7,17.1,6.3
Config274,34.6,11.5,-13.9,38.9,2.9,-1.4,15.2
Config275,2.6,14.4,-33.8,-14.5,23.7,9.5,27.9
Config276,-13.5,-9.3,-16.6,21,4.4,-10.1,43.8
Config277,5.7,15.8,23.8,19.4,21.5,-16.7,28.6
Config278,32.6,-2.4,34.2,0.6,11.5,7.6,29.4
Config279,-4.5,2.3,-2.6,7.4,19.1,-8.9,25.9
Config280,18.9,-13.7,-9.4,38.9,-3.4,15.5,43
Config281,-5.1,-4.7,-2.3,2.1,13.7,0.8,18.5
Config282,12.5,-15.8,-8.7,-12.2,22.3,27.8,35.8
Config283,-1,9.3,-30.5,19.2,42.6,-16.8,35.4
Config284,18.9,20.7,-12.5,18.5,5.5,-14.2,13.3
Config285,11.9,-5.6,-5,12.5,8,33.8,4
Config286,6.7,-14.3,12.3,14,7.4,-2.8,26.2
Config287,39,-0.8,-1.6,12.2,37.1,2.6,14.3
Config288,8.7,12,-2.7,14.9,33.6,-16.9,13.3
Config289,41.4,-0.2,26.6,16.9,25.6,12.1,18.2
Config290,39.5,-18.8,23.8,26.5,26.6,-0.4,14.8
Config291,23.7,-17.3,5.9,-15.5,13.2,-3.2,22.9
Config292,8.8,14.6,25.7,-5.8,12.6,-8.5,40.1
Config293,29.4,-12.8,17,34.8,24.5,25.8,1.9
Config294,-0.9,-11.7,-32.9,-3.4,12.2,22.3,3.8
Config295,3,-5.3,5.2,21.5,4.1,25.9,25.9
Config296,7.1,20.6,1.6,0.6,43.1,34.5,14.1
Config297,17.2,-7.8,5,18.1,41.2,5.7,16.1
Config298,43.3,-12.3,-34,32.2,-2.1,33.3,29.1
Config299,20.2,5.2,-22.3,5.3,42.7,13.5,26.1
Config300,28.1,19.2,6.7,14.1,7.4,-5.7,23.7
Config301,8.1,-13.8,15.2,35.7,8.2,-9.5,37
Config302,0.9,-17.2,18,-0.5,27.1,2.2,11.2
Config303,29.9,-14.8,16.1,-2.3,13,-9.7,18.1
Config304,40.6,-4.4,32,28,27.8,-14.4,30.7
Config305,24.9,4.9,28.7,32.5,6.1,31.7,11.5
Config306,14.6,17.3,5.4,22.8,8.4,5.6,42.9
Config307,-12,11.1,3.3,23.9,26.6,35.9,0.1
Config308,35.2,-14.2,7.3,18.7,33.2,16.5,6.7
Config309,-9.9,12.6,16.5,19.2,17.5,-14.9,31.1
Config310,2.1,2.8,29.5,7,9.9,38.7,36.4
Config311,46,1.5,2.5,2.9,26.3,33.3,23.2
Config312,25.6,-18.8,-18.7,-14.8,14.3,-13.3,36.1
Config313,34.3,5.3,-21.9,-16.6,18.5,31.3,29.2
Config314,26.6,6.9,0.8,14.2,34.8,32.2,2.2
Config315,33.5,11.2,-20.2,8.2,36.5,21.1,40.4
Config316,5,-4.4,-14.4,22.7,28.7,7,10
Config317,21.1,-11,-20.4,26.1,1.6,23,40
Config318,1.8,-2.8,-18.8,-3,42.5,25.9,32.6
Config319,-10.2,16.4,-21.8,10.6,26.8,38.8,10.7
Config320,22.8,-11.2,8.9,-8.3,33.8,15.5,31.8
Config321,26.6,16.3,24.8,34.6,15.6,18.1,5.8
Config322,-9.1,14.8,12.6,-5,12.5,18.1,15.3
Config323,15.4,-16.4,30.9,-6.3,12.6,18.2,5.8
Config324,36.7,5.3,-2.9,-3.3,19.8,-3.6,12.3
Config325,28.5,9.8,32.5,22,27.2,27.5,34.1
Config326,-4.3,6.6,-6.9,38.7,6.7,12.9,14.8
Config327,25.8,-18.5,-28.1,10.4,41.9,29.8,31.5
Config328,37.5,-4.3,-28.9,32.5,-2.3,12.3,8.2
Config329,-4,-17.2,-5.8,9.5,12.4,34.6,15.2
Config330,48.1,18.7,-19.2,-13.6,18.6,22.3,16.5
Config331,26.1,18.5,-18.9,-0.9,11.8,11.4,8.5
Config332,28.5,17.9,-28.4,-9.5,29,9,9.4
Config333,38.5,-5.5,13.1,33.3,10.4,30.6,12.8
Config334,7.8,-18.5,-19.9,23.6,42.8,35,41.3
Config335,-5.6,5.1,18.9,-1.4,16.9,-1.7,38.9
Config336,9.6,10.9,-15.3,6.1,10.1,0.2,31.8
Config337,6.8,18.3,12.8,31.2,0.8,-11.7,16.3
Config338,20.5,-8.9,4.5,13.6,7.6,17.3,6.2
Config339,27,13,-32,30.6,1.8,20.1,12.7
Config340,-1.9,-15.7,7.7,8.6,13.7,16.8,36
Config341,2,-3.9,-22.3,3.7,11.6,35.7,-0.1
Config342,27.1,15.7,-32.3,-10.5,13,15.3,22.6
Config343,20.9,8.6,17.9,-5,29.2,13.6,26.1
Config344,7.6,13.2,11.6,9.9,27.1,17.9,29.8
Config345,12.7,1.7,-9.5,-16,21.2,37.4,20.1
Config346,-3.9,-11.4,26.7,28.7,40.4,9.1,18.8
Config347,7.8,15.1,-4.9,24.6,9,12.2,26.7
Config348,4,16.7,-15.7,9.9,17.1,32,32.1
Config349,3.8,-14.6,34,-14.4,13.2,6.8,26.5
Config350,-1.2,6.3,9.8,-4.5,27.3,11.1,33.6
Config351,28.7,-16.2,18,10,43.1,-4.6,25.1
Config352,8.2,-14.3,3,28.4,36.5,9.7,41.8
Config353,43.7,-0.5,-21.5,26.3,10,-5.4,26.8
Config354,33.6,10.1,-14,-15.3,13.2,-17.3,30.9
Config355,5.2,7.1,20.5,-12.1,21.6,-7,12.8
Config356,16.7,1.7,-21.2,10.8,43.3,28.9,37.5
Config357,-1.1,-13.5,-24.6,22,4.8,22.1,3.9
Config358,1,7.6,-33.5,-4.8,15.7,-16.9,18.3
Config359,37.7,14.9,24.7,14.4,18,5.8,10.3
Config360,11.2,2,-14.3,2.3,22.2,22.2,3.9
Config361,-11.2,1.7,-22.3,17.9,15.7,33.8,18.5
Config362,36.5,-15.8,-26,14.2,7.4,13.4,27.3
Config363,36.6,-2,-8.9,29.6,39.2,-17,44.4
Config364,17.3,1.6,5,-5.7,39.8,-17.4,13.3
Config365,17.5,-10.2,-1.7,-1,11.8,27,9.8
Config366,-9.2,-0.1,2.5,11.5,44.1,10.9,13.2
Config367,8.9,6.9,6.9,29.7,6.1,33.3,43
Config368,-5.5,13.2,2.2,15.5,25.2,19.5,36
Config369,29,-0.1,26.1,-8.6,34.1,-5.2,12.6
Config370,-10.2,-13.4,-14.4,32.8,29.7,-10.1,13.1
Config371,-2.1,-11.8,-30,24.5,28.8,28.7,12.5
Config372,33.4,-4.9,-21.2,36.9,36.7,17,11.5
Config373,38.3,-17.4,1.9,-6.1,24.3,25.8,1.9
Config374,45.3,-16.6,12.9,12.4,40.9,37.3,-5.6
Config375,-7.5,-15.8,23.7,13.6,23.4,-6.4,12.7
Config376,28.3,15.4,-26,-7.1,12.7,28.9,21
Config377,21.6,-0.8,-21.5,-10.4,34.8,23.9,3
Config378,-7.1,-15.5,3.7,19.6,5,12.7,29
Config379,18.8,-6.2,-29,13.3,7.7,2,11.3
Config380,8.2,3.5,-15.3,-8.1,14.4,17.6,6.1
Config381,3.4,-6.5,-26.9,32.7,33.6,-11.3,13.1
Config382,13.2,16.9,-1.3,-0.9,30.9,19.6,5.5
Config383,2.5,15.8,-25.6,15.3,6.9,10,9
Config384,-13,12.3,-2,13.5,44.4,25.1,36.2
Config385,31.9,5.9,24.3,16,43.6,5.6,11.9
Config386,27.2,14.1,33.4,-12.8,34.3,14.6,7.3
Config387,43.8,20,-30.3,5.3,22.3,36.2,39.5
Config388,3.3,6,6.3,5.4,18.3,26.7,20.1
Config389,7.1,6.2,18,-11.1,35.9,-13.2,13.2
Config390,18.5,14.1,10.8,20.8,40.4,20.3,4.8
Config391,-7.6,-15,-12.2,8.3,39.4,19,42.4
Config392,43.4,2.5,6.5,-15.7,13.2,19.4,29.7
Config393,3.1,-9.1,-0.3,22.9,31.1,-7.8,12.9
Config394,-4.8,10.7,30.7,9.4,20.5,-6.9,21.7
Config395,19.1,-15.1,-15.5,23.9,21.6,-5.5,25.8
Config396,31.3,-12.9,10.5,1.2,11.4,18.9,21.5
Config397,18.6,-11,-9.3,-11.8,31.3,35.9,22.3
Config398,31,-1.5,7.9,24.5,44.3,9,24
Config399,43.7,-0.8,-13.7,-17.4,40.2,17.5,6.1
Config400,-2.5,9.5,14.6,35.4,28.1,1.6,25.8
Config401,10.9,12.7,-10.3,23.2,39.4,17,7.2
Config402,33.6,-18,-18.4,8.8,9.3,4,10.8
Config403,-7.3,4,21.1,0.1,17.6,-15.6,13.3
Config404,29.1,16.8,-25.7,35.3,39,32.5,23.4
Config405,16,11.9,-32.5,20.1,39.9,20.1,29.9
Config406,18,17,-33.9,-3.4,18.4,-4.4,31.9
Config407,-8.4,19.6,-4.6,6.2,44.3,26,13.8
Config408,10.5,-8.2,-29.8,7.4,9.8,19.6,36.8
Config409,17.8,8.8,-4.6,30.1,10.9,23.8,9.4
Config410,31.2,3.2,-21,38.5,28.4,15.5,8.8
Config411,-12.9,-1,4.2,26.5,30.2,20.2,44.3
Config412,33.5,-4.3,25,-15.8,13.2,17.6,43
Config413,-8.5,-17.7,11.6,9.6,15.4,25.7,19.9
Config414,-7,-10,17.6,-15.2,43.2,8.2,15.6
Config415,12.4,-13.7,23.5,16.6,8.6,-2.7,20
Config416,25.3,6.4,28.6,1.4,11.3,-4.3,12.4
Config417,-2.8,-4.8,-29.6,-5.7,31.2,39.3,26.1
Config418,39,18.8,-20.9,0.4,11.5,14,7.6
Config419,41.4,-11.5,0.5,30.9,40,-0.5,15.8
Config420,6.9,-1.8,-32.9,-0.1,16.9,24.7,2.5
Config421,-8.5,-13.6,29.1,27.4,22.8,-12.9,13.2
Config422,17.3,12.6,-14.2,-5.8,18.9,34.7,15.3
Config423,9.9,2.5,16.1,38,40.8,7.2,9.9
Config424,12.6,-2.6,-24.1,25,20,4.9,21.2
Config425,31.9,-11.2,4.4,17.7,5.9,-8,31.5
Config426,18.3,-14.6,23.8,24.3,36.6,32.2,32.1
Config427,42.6,3.7,34.7,28,31.2,-10.7,28.1
Config428,-3.7,13.5,21.4,7.1,23,17.5,6.1
Config429,-9.4,4.3,-7.7,-7.2,21.7,-0.5,24.7
Config430,18.5,20,-14.6,30.7,-1.2,-8.4,38.5
Config431,31.5,4.6,1.5,-11.7,23.1,27.6,0.9
Config432,-5,13.9,-11.9,-0.1,11.6,13.2,7.9
Config433,8.4,-11,-13.6,11.9,31.1,27.3,11.8
Config434,13,10.4,-31.2,27.6,0.8,22.1,13.4
Config435,18.4,14.4,29.8,-9.4,12.9,-9.7,32.3
Config436,47.1,16.2,-23.5,-4.3,15,24.4,9.3
Config437,33.4,19.6,-11.7,-6,12.6,9.5,29.4
Config438,-1.9,12.7,12.4,-14.2,13.2,16.9,32.2
Config439,-5.1,1,26.5,37.9,-6.2,9.6,9.2
Config440,26.6,16.6,-2,8.6,9.4,18.1,5.8
Config441,-5.2,-9.2,10.6,9.6,31.1,11.6,37
Config442,8.7,14.9,32.9,24.1,2.7,18.6,22.3
Config443,13.8,1,0.2,2.7,34.7,-13.1,41.3
Config444,40.5,-4.3,-12.8,22.7,33.4,1.1,11.5
Config445,5.2,3.9,34.3,24.7,2.4,-13,31.8
Config446,42.7,4.8,13.7,39.5,-7.4,11.8,23.6
Config447,46.6,18,-24.5,-16.4,21.2,-9.1,17.3
Config448,-5.4,-5,-24.1,28.4,4,35.4,42.2
Config449,7.1,-18.2,-17.7,29.3,44.2,-0.3,37.4
Config450,41.5,13.5,2.9,-5.5,14.8,33,-2.6
Config451,21.6,3.3,2.4,28.2,7.6,19.8,5
Config452,19.9,15.3,15.4,35.7,22,28.5,1.1
Config453,-4.5,11.4,27.6,-6.7,33.9,31.3,10.1
Config454,41,13,11.7,-7.6,36.8,0.6,14.7
Config455,30.7,-5,-16.7,22.3,11.5,30.4,8.2
Config456,29.5,-12.5,-14.5,30.7,13,25.4,43.5
Config457,5.4,3.3,26.1,0.5,11.5,25.8,1.9
Config458,-2.5,18.9,-2.9,16.7,6.3,12.9,8
Config459,25.4,-14.6,-32.7,-13,13.2,37.1,4.4
Config460,39.8,-19.4,27.5,0.5,21.4,5.4,10.4
Config461,30.7,-4.4,-34.5,7.9,9.6,37.4,11.4
Config462,27.9,0.3,29.9,0.9,28.3,13.6,7.7
Config463,12.9,17.3,-3.3,27.4,0.9,16.2,6.7
Config464,2.1,7.5,-11.5,1.8,31.3,-5.9,12.7
Config465,14.5,-20,-7.9,19.7,22.3,-2.9,12.2
Config466,6.3,-7.5,-33.8,-2,30.1,-7.9,29.8
Config467,34.4,15.7,4,1.8,11.2,-2.1,12.1
Config468,26.8,-9.8,34.9,-7.7,12.8,3.1,38.4
Config469,25.8,-9.5,-33.7,11.1,30.8,14.3,27
Config470,32.1,13.3,-25.5,27,1.1,28.6,20.8
Config471,-10.5,-1.3,0,0.4,11.5,1.6,11.3
Config472,31.1,-7.7,-16.4,2.7,11,3.8,44.2
Config473,28.5,-14,1.8,30.3,4.6,26.6,5.1
Config474,19.4,-8.7,-29.8,6.4,10.1,33.6,18.9
Config475,39.8,-0.2,6.6,27.5,0.8,-10,13.1
Config476,-1.2,-5,-14.8,20.3,4.7,-11.6,17.6
Config477,47.2,10.9,-21,18.4,9.3,11.1,8.7
Config478,-3.1,14.9,18.3,7.4,9.8,-11.1,38.8
Config479,0.1,-12,-33.5,0.5,38.7,19.1,25.1
Config480,24.8,-14.6,15.7,-8.2,33.5,4.2,29.7
Config481,-6.1,-16.4,-12.5,13.5,19.1,7.4,30.7
Config482,7.8,15.2,-33.7,-16.2,13.2,-16,13.3
Config483,33.5,-18.1,-10.5,9.4,43.4,2.7,11.1
Config484,-9.5,15,12,16.9,15.2,22.1,16
Config485,18.2,17.5,33.1,19.5,35.5,27.5,6.8
Config486,20.2,2.5,10.4,38.3,10.6,11,8.7
Config487,2.7,7.7,-24.6,0.8,11.5,-14.3,42.3
Config488,-6.4,-0.2,-5.2,-11.7,34.7,1.1,11.5
Config489,39.5,-3,26.1,28.1,37.2,-2.8,34.2
Config490,45.6,12.7,-4.4,0.2,14.6,5,33.9
Config491,47.6,-9.3,-20.6,30,42.7,-7.6,23.9
Config492,26.1,16.4,21.6,2.1,21,1.1,36.8
Config493,4.7,-6.6,-20,-8.3,12.8,-9.7,13
Config494,24.4,-14,28.8,15.4,6.9,36.9,12.4
Config495,25.7,-17.9,30.4,20.7,33.9,20.6,14.8
Config496,-4.3,10.4,33.9,-0.8,11.8,-3.9,38.5
Config497,2.5,11.3,12.2,4.4,23.7,35.6,9.6
Config498,24.1,-7.6,31.9,-2.6,25.9,34.1,-3.3
Config499,-13.5,4.9,10.3,17.6,27.2,-6.6,15.9
Config500,20.6,-6.1,-27.7,-16.6,20.6,-7,31.5
Config501,5,-2.4,-28.6,-11.6,13.1,17.5,43.5
Config502,47.3,12,-3.8,37,16.8,-17.3,16.4
Config503,-7.2,-16.8,21.7,12.1,26.1,39.1,3.3
Config504,-0.2,-11.8,-33.8,0.8,23.7,6.5,28
Config505,12,1.7,32.6,5.8,10.5,-11.1,13.1
Config506,4.8,-1.7,-14.4,-12.1,13.1,-13.8,19.4
Config507,47.7,14.8,-12.4,34.1,31.1,-3.7,32.3
Config508,20.1,-13.6,10.4,32.7,40.4,1.8,18.3
Config509,-4.5,-5.1,22.3,14.1,18.3,-14.3,13.3
Config510,28.8,5.8,29.2,0,18.6,-10,13.1
Config511,44.2,-6.6,-32.5,35.3,-4.3,6.5,27.3
Config512,-8.6,13.1,16.6,-0.8,11.8,-5.8,16.2
Config513,-11,10,-30.1,17.4,22.9,0.2,37.6
Config514,0.5,14,-34.2,-8.9,19,24.3,25.3
Config515,34.3,17.9,-6,2.2,11.1,14.4,20.7
Config516,-3.1,0.3,14.4,2.9,11,8.7,36.6
Config517,3.6,-13,-22.5,27.1,37.4,32.4,2.3
Config518,37.9,-3.4,-2,14.7,16.6,9.6,12.1
Config519,-0.4,9.9,-18,7.2,43.1,-17,27.5
Config520,12.2,0.6,13.9,-5.8,38.7,-11.1,24.6
Config521,39.8,-9.6,0.2,-6.5,12.7,-16.4,15
Config522,26.8,9.8,-9.2,21.3,27.2,23.3,3.3
Config523,43.3,-20.4,-24.8,-5.5,39,5.7,31.4
Config524,26.5,0.3,17.5,-12.2,39.9,19.7,43.5
Config525,-8.7,-5.1,-33.5,-4.3,28.1,-6.4,24.4
Config526,19.2,14.9,32.7,38.7,44,20.5,36
Config527,39.1,-0.1,19.6,24.5,3.4,-14.4,13.3
Config528,32.6,17.7,-14.5,24.3,8.2,-8.1,12.9
Config529,22,-18.5,-33.6,5.4,10.3,4.4,11.4
Config530,26,-20.3,5.3,4.9,16.4,-12.2,37.4
Config531,7.8,-9,-18.8,1,15.4,23.7,19.8
Config532,7.5,-14.9,26.5,32.7,-2.5,-2.7,38.6
Config533,-8.1,7.9,-32.1,-12.9,13.1,29.8,23.7
Config534,-2.6,5.1,30.1,14.1,13.8,31.2,26.1
Config535,30.5,6.3,-25.6,34.9,40,0,23.8
Config536,43.7,-10.6,4.2,0.5,35.1,18.2,5.8
Config537,-11.4,15.5,-12,21.8,7.9,-16.4,15.8
Config538,33.5,2.8,-16.7,-8.2,42.7,9.5,35.9
Config539,16.9,15.4,6,22.3,41.7,36.2,-4
Config540,-7.7,13.9,-28.7,21.9,22.9,-4.1,12.4
Config541,37.2,-2.9,33.3,34.1,29.1,7.8,9.7
Config542,39,-17.6,-18.2,26.5,2.2,2.6,11.1
Config543,-0.3,-12.8,-28.1,30.8,16.3,-8.3,12.9
Config544,45.3,9.9,1.5,-14.7,24.8,22.4,3.8
Config545,37.9,-16.1,18.4,26,1.7,20.1,4.9
Config546,44.4,-8.3,15.6,-3.5,34,36.3,37.4
Config547,42.9,-10.2,-27.8,-15.2,25.6,-11.9,20
Config548,-13.9,10.4,-2.9,23.1,3.3,7.9,9.7
Config549,14.8,-0.3,24.7,-8.3,16.6,38.9,2.7
Config550,32.4,0.2,-0.9,24.9,20.4,18,41.3
Config551,41.1,-14.6,-29.2,-12.2,25.3,-4.8,12.5
Config552,0.9,-6.3,-11.9,27,14.2,20.7,4.6
Config553,24.5,9,-30.9,-2.8,12.1,-10.5,35.3
Config554,40.9,-15.6,14.7,7.5,13.7,28.8,27.4
Config555,-10.4,12.7,-31.5,28.3,27.5,-2.7,12.2
Config556,47.2,16.7,-27.6,-13.7,13.2,-17,13.3
Config557,3.1,-8.3,6.5,-1.3,32.3,-11.9,13.2
Config558,49,19.2,-18.9,10.6,34.6,-14,25.6
Config559,44.7,8.8,31.7,6.1,10.1,13.6,7.7
Config560,27.6,-18.3,20.9,8.7,9.3,5.2,15.7
Config561,-12.3,-7.4,5,21.2,27.6,11.8,28.8
Config562,-12.5,6.9,32.9,22.6,3.5,6.1,31
Config563,37.4,15.5,26.7,-15.4,29.8,8.5,9.5
Config564,-4.3,7.2,2.5,-12.6,43.1,33.4,-2.8
Config565,4.8,-18.6,18.5,20.2,6.8,39.3,-7.1
Config566,9.3,14.5,28,7.3,33.5,-7.5,23.7
Config567,16.5,-14.4,23.6,6.7,33.7,-10.6,15
Config568,27.2,-3.2,9.8,36.7,25.8,32.7,7.4
Config569,-8.1,6.9,13.9,25.7,28.2,32.8,25.8
Config570,20.9,6.2,33.5,-11.2,43.2,6,21.9
Config571,-1.8,1,-22.7,12,24.4,-5.3,12.6
Config572,17.9,15.2,5.9,22.2,3.9,20.6,6.2
Config573,7.8,19.1,9.5,35.9,15.2,20.2,21.6
Config574,-0.6,16.7,-7.5,-13.2,36.3,19.7,5.1
Config575,2.2,-13.8,-28.1,26.5,18.8,2.8,11.1
Config576,-0.5,20.2,10.8,-14.4,43.7,22.4,27
Config577,-7.1,-0.2,12,2.1,40.6,-11.1,13.1
Config578,5,-9.3,25.4,-14.7,20.1,8.2,9.6
Config579,-11.8,-4,-17.4,18,29.3,3.4,10.9
Config580,34.7,0.1,21.1,11.8,10.3,5.6,10.4
Config581,26.2,-5.2,11.4,13.4,7.7,14.1,7.5
Config582,25.5,7.8,-33.6,-1.2,13.5,6.2,10.2
Config583,-6.8,-5.7,-0.4,23.5,3.1,1.6,40.3
Config584,2.7,9.6,-32.6,37.5,29.1,-17.1,13.3
Config585,-6.1,-13.5,25.1,-14.6,40.1,13.9,7.6
Config586,38.6,-4,-1.3,26.1,7.6,33.6,2.3
Config587,13,7.8,-1.3,3.2,10.9,-5.7,12.7
Config588,43.2,-5.4,2.1,-15.9,13.2,27,4.9
Config589,12.1,-19.3,8.8,-13.7,39,19.7,25
Config590,47.5,11.8,-1.3,-11.6,16.6,35.9,26.2
Config591,7.2,5.2,-25.3,8.6,34.1,29.8,35.2
Config592,7.9,-7.1,-4.1,26.6,1.4,-2.3,41.3
Config593,17.8,-15.5,-0.6,23.3,3.2,-13.2,32.6
Config594,-2,-8.1,16.8,-9.5,13,28.3,42.1
Config595,26.5,-1.6,3.5,32.9,28.3,23.5,3.2
Config596,-7.2,-4.3,-12.1,23.4,8.1,3,28.6
Config597,30.4,5.5,-30.2,-8.4,37.7,5.6,30.3
Config598,16.8,9.4,1,4.5,39.6,37.6,25.8
Config599,19,-11.2,-19.1,30.8,43.4,23.1,16.5
Config600,31.2,-17.4,-5.4,22.6,18.8,-13.4,30.1
Config601,19.3,14.4,25.8,-15.2,30.5,-0.1,36.9
Config602,-7.2,19,-4.9,12.9,37.2,31.7,31.4
Config603,13,2.2,-9.2,-5.7,12.6,4.4,31
Config604,29.2,16.7,28.3,17.3,10.8,16,43.9
Config605,30.8,-9.1,33.5,-3.6,12.3,36.1,-4.7
Config606,18.6,4.1,24.2,9.1,12.6,-11,13.1
Config607,13.2,-13.3,13.2,37.6,28.9,29.7,2.4
Config608,8.2,11.5,22.9,4.4,10.6,-10.9,25.5
Config609,39.4,-19.6,-27.3,31.4,36.2,33.7,37.5
Config610,25,-7.4,-31.2,21,4.3,7.1,32.7
Config611,32.7,-13.8,-21.2,16.1,6.6,24.9,31.3
Config612,17.6,-9.8,12.9,11.7,44.1,1.1,42.3
Config613,26.3,-4.3,2.9,22.5,29.4,1.9,23.2
Config614,41.9,1.1,14.8,21.7,4,3.7,10.9
Config615,21.3,16.2,14.6,15.8,14.7,14.2,40
Config616,-13.7,6,5.2,-15.6,23.5,-17.3,23.8
Config617,9.5,11.4,-23.8,3.5,11.6,39.3,41.7
Config618,0.2,15.3,-26.5,-2.2,12,-11.6,44.1
Config619,10.9,14.3,-29.8,15.7,38.6,1.6,23.9
Config620,35.5,12.8,2.9,11.9,9,33.3,24.9
Config621,47.2,-10.9,30,-3.1,41.3,31.3,-1.5
Config622,6.1,9.5,-5.2,33.6,9.1,38.5,25.1
Config623,-4.9,-15.7,24.2,27.9,26.7,20.8,23.2
Config624,39.5,-0.9,-16.4,-9.5,38.7,28.2,0.5
Config625,4,6.7,-23.9,-12.1,38,38.6,29.2
Config626,20.8,-8.2,-19.5,-13.7,13.2,2.6,41.6
Config627,41.6,-7.7,20.9,11.9,18.4,28.2,39
Config628,16.3,17.2,-24,33.1,-2.8,4.4,24
Config629,31.2,5.6,-18.8,-13.9,19.2,3.1,15
Config630,46.5,-13,-1.8,4.7,32.2,35.9,4.9
Config631,41.4,-9.7,20.7,-7.7,34.9,1.2,40.3
Config632,-9,7.6,3.6,13,7.9,19.4,5.2
Config633,37.3,-15.2,-15.8,17.2,34.8,5.8,10.3
Config634,0.5,10.5,25.2,12.4,31.8,26.9,39.4
Config635,34.4,1.9,-21.2,14.4,7.3,-1.3,39.8
Config636,-9.2,14.2,-23.1,27.5,7.7,-1.8,37.3
Config637,24,-7.1,-28.9,-8.8,42.8,25.6,18.3
Config638,-11.6,17.4,-12.4,30.3,21.4,10.6,31.1
Config639,30,-1.6,33.2,4.6,18.9,-5.2,12.6
Config640,18.1,-8.9,28.3,34.2,1.2,32.8,-2.4
Config641,10.5,15.2,-9,36.9,-4.7,6.3,10.2
Config642,28,-7.1,-24.9,33.6,-3.1,3.3,36
Config643,23.3,-18,-17,-3.5,13.1,18.4,19.9
Config644,7.4,9.6,-30.6,31.3,18.1,16.8,6.4
Config645,-8.7,-11.1,-22,28.4,2.3,21.2,12.7
Config646,-7.1,-1.8,20.6,-17,13.2,20.5,4.7
Config647,10.1,-15.7,33.3,37.5,-4.9,11.9,8.4
Config648,-0.3,-14.4,-22.9,39.3,15.9,-0.4,11.8
Config649,41.2,-15.1,-27.4,-15.2,17.4,25.6,39.1
Config650,26.8,10.3,30.1,24.2,23.5,20.5,23.8
Config651,2.8,7.6,11.5,-6,25.2,5.6,25.8
Config652,17.6,-20.3,-24.8,-11.9,24,37.2,11.6
Config653,44.1,13.2,21.9,0.7,25.7,22.9,24.4
Config654,29.9,-15.3,8.9,17.6,41.6,5,10.5
Config655,17.2,-6.9,7.2,25.5,2,26.9,24.9
Config656,8.2,7.4,-12.6,32.1,19.8,39.1,30.4
Config657,-6.2,13.8,17.8,13.4,8.2,11.7,38.9
Config658,-4.7,-1.5,27.9,18.6,18.2,26.1,15.2
Config659,7.3,-12.6,-16.4,37.8,-6.1,-5.6,30.9
Config660,37.2,13.2,-4.8,0.8,11.5,9.7,9.1
Config661,31.1,0.8,7.5,23.6,20.4,33.6,37.3
Config662,4.8,-3,-22.5,37.2,17.2,29.7,39.8
Config663,26,8.5,31.4,-16.6,33.6,-17.4,38.4
Config664,21,-6.6,-29.2,34.9,43.3,4.9,21.8
Config665,17.9,6.6,-16.6,37.7,37.5,28.4,17.4
Config666,28.3,-1.9,-8.6,33.2,16.3,28.3,0.4
Config667,39.3,20.6,30.2,15.6,6.8,-8.5,12.9
Config668,-0.2,17.8,-20,32.5,15.1,32.3,38.3
Config669,-0.8,15.5,16,35.8,10,-2.4,28.3
Config670,12.1,3.9,-5.2,13.3,7.7,4.9,10.6
Config671,32.1,-3.6,10.6,28,10.5,19.7,25.7
Config672,13.5,-14.6,-16.2,-7.5,15.3,37.1,38.7
Config673,-8.8,5,-4.1,-11.6,13.1,30.3,-0.2
Config674,-6.8,-9.5,-31.2,-0.9,36.8,-10.6,13.1
Config675,18.1,13.7,-13.6,-11.4,13.1,16.8,16.1
Config676,8,3.5,-22.5,25.9,1.8,-8.3,12.9
Config677,-4.7,3.3,20.4,31.3,-1.5,-15.3,22.4
Config678,25.3,15.4,-8.9,23.4,16.4,0.5,43.1
Config679,32.8,-0.8,-23.4,33.6,32,22,4
Config680,19.1,17.3,-34.5,39.1,-1.9,2.5,22.9
Config681,-9.4,-13,5.3,32.6,30.6,20.5,8.7
Config682,5.3,-9.1,-17.4,16.1,20.8,-2.4,12.1
Config683,-0.5,-14.1,-23.3,32,18,33.4,19.6
Config684,35.4,-5.9,-23.7,21.8,4,35.9,40.6
Config685,7,6.4,-27.6,13.2,24.8,9,9.4
Config686,25.6,0.3,14.1,-16,36.1,21.6,30.4
Config687,40.5,10.3,32.1,8.6,14.1,39,6.1
Config688,3,12,18.6,28.2,25.3,-2.1,39.8
Config689,8.8,13.2,-6.9,19.4,21.3,-10.7,33.2
Config690,-12.5,17.5,5.4,2.5,20.7,24.2,2.8
Config691,6.7,-20.1,0.5,4.7,23.5,15.8,6.8
Config692,32.3,7.5,-0.4,5.6,10.3,-4.2,34.6
Config693,8.3,1.3,-27.8,-6.3,12.6,-15.2,13.3
Config694,41.8,10.2,-4.5,7.8,9.6,25,37.2
Config695,18.9,-16.9,34.4,16,6.7,30.5,23.9
Config696,-7,-0.1,-23,2.7,17.7,19,9.9
Config697,24.8,-3.7,4.8,18.6,20,13.8,22
Config698,-6.8,-9.8,19.7,-7.5,25,-4.1,32.2
Config699,37.1,13.7,-17,17.1,6.2,33.8,24
Config700,26.2,-3.4,25.1,6.5,14.2,-17.5,13.2
Config701,41.4,15.4,15.5,1.7,43.7,15.6,21.3
Config702,-2.4,-19.8,11.9,1.6,26.5,-0.3,32.7
Config703,39.2,4.1,15.3,-6.7,42.8,14.2,28.9
Config704,21,-9.2,16.8,-13.1,13.2,26.4,3.7
Config705,12.8,-14.3,28.3,13.2,7.8,38.5,-3.8
Config706,-9.5,16.7,9,29.6,24.8,12,43.6
Config707,-9.8,-17.8,1.2,3.7,13.2,33.6,16.1
Config708,3.7,14.9,26,9.4,13.2,30.4,26.2
Config709,38.8,-2.8,10.9,-14.6,34.6,1.4,11.4
Config710,43.8,-10.8,27.5,-12.8,15.4,-16.8,26
Config711,21.2,7.7,-17.5,11.1,8.6,3.8,34.5
Config712,9.8,5.3,-17.8,11.2,43.3,1.5,23.9
Config713,24.4,-8.5,-3.7,-9.1,20.7,-9.3,44.1
Config714,21.3,8.4,-14.3,12.5,8,26.8,33.9
Config715,20,5.2,11.2,8.7,22,35.7,4
Config716,32.3,14.6,-32.1,13.4,14.6,10.9,8.7
Config717,36.8,8.2,18.6,6.2,32.9,-16.2,36.7
Config718,41.3,18.3,21.4,-16.1,28.2,1.9,17.1
Config719,35.9,11.2,8.7,-4.9,12.4,29.6,31.6
Config720,14.5,10.7,-20.5,-14.2,13.2,32.9,37.4
Config721,6.6,-14.2,-12.6,3.9,38.5,1.1,31.9
Config722,12.9,-12.7,3.3,-9.6,13,7.6,15.8
Config723,-10.4,-6.5,12.8,12.8,7.9,30.4,38
Config724,27.5,12.6,22.4,31.1,3.4,-3.6,12.3
Config725,25.3,5.9,-32.8,4.9,19.8,35.1,14.1
Config726,5.6,6.8,1.4,-14.2,13.2,-11.1,13.1
Config727,9.8,-15.7,-30.7,24.7,42.6,18.5,12.3
Config728,-4.7,13.1,-34.1,28.2,14.6,19.9,29.9
Config729,43,-19.4,-34.8,-12.9,26.2,16.3,6.6
Config730,38.4,-8.3,-35,-4.6,12.4,22.9,5.3
Config731,22.7,4.4,12.9,14.7,22,23.3,35.1
Config732,15.7,-12.1,-13.7,-1.6,24.6,7.5,23.1
Config733,21.9,10.6,13,34.5,35.1,33.9,38.7
Config734,32.1,0.5,32.8,20.9,35.9,15.6,41
Config735,-6.4,7.8,-4.3,-12,13.1,37.4,41.9
Config736,32.7,-14.2,-11.8,-2.1,43.4,-10.8,35.3
Config737,8.1,-9.1,-10.1,-3.1,23.4,30.4,24.9
Config738,10.5,-3.4,-21.7,-3.8,12.3,38,24.5
Config739,-1,5.9,8.4,15.9,40.3,38.4,-4.7
Config740,24.3,-6.2,-6,30.1,28.6,37.1,16
Config741,19.5,5.3,16.2,10.7,30.8,-7.5,12.8
Config742,-3.6,3.6,-21.6,15.1,7,-9.5,18.4
Config743,29.8,12.5,17.3,17.7,26.7,7.5,32.4
Config744,42.4,16.4,-17.2,27.6,5.6,-8.8,26.9
Config745,-1.2,10.5,12.6,31.9,11.2,16,7.4
Config746,-4.7,11.8,16.5,-1.2,40.3,31,13.4
Config747,14.8,8.8,-24.3,38.6,-3,7.8,23.3
Config748,-8,-9.4,-30.9,1.6,11.3,24.1,2.9
Config749,-2.8,-5.7,-33.2,-16.9,41.4,-7.6,42.7
Config750,6.2,17.8,-2.2,-5.6,25.8,25.2,2.3
Config751,10.5,10.6,22.5,29.2,38.8,-11,13.1
Config752,19.2,-10.5,-33.3,1,11.4,-16.7,13.3
Config753,41.6,6,-11.4,-9.9,13,-13.3,13.2
Config754,1.5,-0.4,32.4,15.7,6.8,-15.1,13.3
Config755,22.9,4.6,32.9,2.3,38.3,23.1,43
Config756,14.9,-7.8,17.7,14.8,26.4,-4.3,42.9
Config757,-7.3,9.6,8.8,-0.7,43.1,26,28.4
Config758,-4.4,-8.4,-30.5,5.7,31.6,35.7,37.8
Config759,-2.3,-3.8,-8.5,3,32.2,-1,31.3
Config760,28.6,2.2,16,2.2,11.1,22.4,31.1
Config761,43.3,-15.4,19.6,27.6,7.3,29.4,40
Config762,30.5,-14.9,-24.3,-14.6,22.1,3.1,11
Config763,-5.7,13.5,-30.9,-12.5,24.5,34.4,0
Config764,37.5,-18.1,-8.9,-2.6,17.7,-6.9,43.9
Config765,10.4,-14.3,-2.7,33.9,22.7,-16.8,25
Config766,24.9,12.2,3.3,9.5,9.1,10.4,8.9
Config767,-4.4,1.2,30.8,4.7,10.5,9.4,13.3
Config768,-0.2,2.2,29.4,26.7,1.3,37.9,18.1
Config769,4.1,2.7,12,9.9,40.7,18.9,5.5
Config770,21.9,-0.5,-34.7,-16.8,21.5,-5,13.2
Config771,40.9,14.6,-5.3,-15.9,20.3,-3.9,26.7
Config772,36.4,-18.7,19.8,20.2,4.8,36.9,30.3
Config773,40.1,-5.5,-6.3,29.4,39.8,13,8
Config774,-2.5,-16.6,22.4,8,9.6,1.9,14.5
Config775,40.8,-2.2,-23.8,-16,40.8,29.2,45
Config776,43.1,19.1,34.2,-9.2,12.9,24.2,3.5
Config777,12,2.7,-12.8,-14.2,39.6,-3.6,12.3
Config778,-13.3,-5.9,-6.1,-14.8,13.2,34,3.6
Config779,32.1,-16.1,32,-9.3,12.9,36.7,-2.5
Config780,-12.2,-17.2,11.6,15.6,26.5,2.2,19.8
Config781,16.7,-13.4,-11.7,25.5,2,-6.5,25.8
Config782,19.1,9.7,-23.4,28,40.3,-4,18.6
Config783,35.1,-6.1,27.4,-7.5,12.8,-5,21.7
Config784,29.8,-14.4,23.5,25.1,20.6,32.1,26.4
Config785,24.2,8.6,-4.1,-17.2,13.2,-15.5,13.3
Config786,2.4,-16.8,13.6,17.2,43.1,18.3,23.4
Config787,26.6,10.2,-0.2,11.2,29.7,8.6,9.5
Config788,0.3,-6.4,8.7,-7.4,17.3,26.9,10.1
Config789,47.5,-12.7,1.4,34.7,26.8,11.9,8.3
Config790,29.6,4.6,-7.2,3,41.8,32.9,43.3
Config791,-5.2,10.5,-28.8,35.7,39.9,-16,36.5
Config792,30.1,14.3,13.5,16.5,15.9,35.6,14.6
Config793,28.9,11.8,-15.8,39.5,27.4,-15.6,13.3
Config794,-2.6,-3.5,31.4,-15.1,13.2,22.4,10
Config795,0.6,-14.5,30.3,38.6,31.6,18,33.1
Config796,31.7,0.5,-11.1,18.2,17.9,10.4,34.1
Config797,32.4,-5.5,18.3,33.9,32.4,-13,43.3
Config798,12,-2.7,-5.1,18.8,28.9,-7.7,42.9
Config799,5.4,-10.7,-20.1,32.5,26.3,26.7,24.6
Config800,34.6,15.4,14.8,3.8,38.9,-7.3,12.8
Config801,30.2,-13.9,-17.6,22.9,3.4,35.8,45
Config802,34.1,12.3,-17.6,-15,16.3,-12.9,18.6
Config803,30.2,-5,12.5,2.2,21.8,31.8,33.9
Config804,26.3,12.6,28.2,8.8,16.7,8.8,35.5
Config805,21.4,13.4,-30,-7.8,40.6,15.5,7
Config806,17.6,13.8,-0.3,25.8,26.3,7.8,24.2
Config807,34.2,5,2.8,5.1,10.4,37,25.2
Config808,42.6,-4.2,-28.6,-15.6,13.2,15.1,24.3
Config809,40.2,-19.6,-19.9,-2.7,33.4,1.1,12.8
Config810,32.6,5.8,-24.6,37.7,38.3,7.9,37.8
Config811,-9.3,-12.6,32.7,-9.1,12.9,25,6.5
Config812,21.3,3.1,6.8,24.6,19.3,14.1,37.1
Config813,47,5.6,34.4,32.1,33.5,24.9,9.1
Config814,5.5,10.2,3.8,27.1,31.4,18.5,10.6
Config815,24.2,13.2,-11.5,-7.4,21.4,-8.1,17.5
Config816,0.9,11,4.3,19.1,5.3,21.6,4.2
Config817,40.9,-20.6,-31.5,25.7,39.1,4.9,27.9
Config818,33.9,12.3,-20.1,-9.2,29.4,16.3,26.3
Config819,6.4,17.6,-16.1,-6.5,26.5,-9.4,37.4
Config820,43.5,11.8,22.5,14.6,41.5,5.9,40
Config821,-12.3,15.9,-22.1,18.5,23.9,23.9,5.6
Config822,48.9,19.6,-22.9,8.1,9.5,21.3,4.3
Config823,41.1,7.6,6.7,-2.5,12.1,17.2,6.3
Config824,39.7,5.3,8.5,-1.1,38,-17,18.6
Config825,-4.2,13.6,-31.5,5.8,14.7,-9.5,35.2
Config826,36.4,-4.1,17.3,17.6,35.4,22.8,18.5
Config827,20,-15.7,10.4,4.9,43.5,-2.9,40.7
Config828,29.5,-2.9,1.9,30.2,1.9,23.5,33.1
Config829,15.7,-17.9,4.9,12.8,19.3,20.3,4.8
Config830,-9.3,-13.3,-15.5,26.8,36,4.5,10.7
Config831,13.2,-15.2,33,1.1,11.9,5.5,21.4
Config832,40.7,-6.5,6.3,15.6,40.5,28.9,0.5
Config833,22.3,-7.1,-8.7,35,9.4,5.3,10.4
Config834,6.1,12.4,4.6,-8,30.3,8.3,24.8
Config835,45.2,-1.7,1.2,7.5,9.7,22.8,14.7
Config836,-6.9,3.5,-5.1,20.7,20.2,37.6,7.8
Config837,35.7,-11.1,-31.4,-8.2,12.8,24.9,9.9
Config838,8,-5.5,12.1,6.5,10,10.8,8.8
Config839,29.7,5.8,-29.2,6.5,20,31.1,43.5
Config840,37.3,14.8,19.5,8.8,9.3,3.3,23
Config841,-1.6,1,-11.1,-15.8,35.7,39.4,20.9
Config842,0.5,16.9,-1.4,-0.5,26.2,-12.7,38.4
Config843,-13.2,5.8,16.3,8.7,36.7,6,29.3
Config844,30.6,-6.6,27.6,33.2,22.6,3.5,27.5
Config845,4.6,2.7,-24,31.5,31.4,4.3,42.8
Config846,-11.2,1.8,7.4,21.4,38.7,15,36.9
Config847,18.9,-7.5,-9.8,22.9,27.1,27.7,19.7
Config848,23,0.4,27.5,-12,13.1,-16.2,16.6
Config849,18.3,16,30.2,19.5,8.7,1.7,24.5
Config850,40.8,16.9,-8.3,38.1,17.4,33.2,37.4
Config851,-1.6,3.1,-27.7,31.7,34.2,10.6,43
Config852,13.4,6.8,26.6,29.2,31,-16.7,34.9
Config853,19,-16.6,34.9,35.5,-4.4,5.6,40.3
Config854,28.7,15.5,5,4.8,36.6,2.9,32.1
Config855,32.2,10.3,-22.4,-11.7,41.8,11.9,8.4
Config856,37.2,-19.5,-23.6,27.9,20.7,21.1,29.3
Config857,31.7,-7.4,1.3,32.3,42.9,5.1,36.9
Config858,11.2,9,1.9,-3.1,20.7,35.9,30.4
Config859,17.8,-16.8,31.9,31.5,19.6,20.2,28.5
Config860,28.7,-6.3,-14.4,30.4,17.1,-11.7,42
Config861,42.4,0.7,0.8,8.7,20.1,32.9,21.6
Config862,-4,13.5,-32,-12.2,42.3,28.4,17.5
Config863,-4,2.4,11.9,38.3,36.8,23.7,3.1
Config864,-0.3,17,16.6,23.9,41.2,32.6,12.7
Config865,42.2,-6.9,5.6,15,38.6,23.7,3.2
Config866,33.5,13.6,25.4,2.4,16.6,14.3,36.6
Config867,-6,-8.3,33.3,33.9,44.3,-13.3,30.2
Config868,-7.4,16.9,3.6,16.1,6.6,19.9,5.7
Config869,-5.9,13.6,18.5,1.2,11.4,-16.5,13.3
Config870,5.8,-9.3,7.5,-10.5,33.6,-13.6,13.2
Config871,5,10.6,8,-8.3,19.4,34.6,30.4
Config872,33.5,-10.6,-30.1,9.3,12.2,26.4,1.6
Config873,40.9,3.5,18.1,-6,26.6,3.9,29.6
Config874,6.9,-2.9,-17.3,23.1,16.8,-2.3,28.3
Config875,8.3,-16.1,8.9,-12,35.6,15,7.2
Config876,20.7,3.4,26.6,-8.9,14.4,-4.1,40.5
Config877,30.1,8.3,-33.9,38.9,22.9,37,10.5
Config878,-4.3,-16.3,-14.3,16.9,15.1,13.5,20.1
Config879,26.2,14,5.3,33.2,2.2,12.6,8.1
Config880,-1.7,1.6,-17,5.7,34.3,-16.1,33.9
Config881,35.1,10.2,23.7,34.3,38.3,20.7,41.7
Config882,28.4,11.1,-34.2,-8.2,30.4,38.6,20.6
Config883,-1.3,15.6,-12.2,-12.1,24.2,29.6,17
Config884,-8.5,-4.7,-15,8,9.6,27.4,7.9
Config885,-10.2,-10.6,-21.4,26.1,1.6,-10.2,24.2
Config886,-9.9,6.7,25.6,14.5,21.2,39.3,29.6
Config887,40.8,6,0.5,-15.9,43.3,6.1,10.6
Config888,40.7,-8.9,25,8.3,9.5,37.2,4.1
Config889,3.5,-14.9,30,-12.6,25.2,-6.6,26.2
Config890,16.2,13.4,17.7,27.8,21.5,25.1,3.5
Config891,36.4,-2.1,16.4,23.6,45,35.9,41.9
Config892,10.9,-0.4,23.3,-11.1,13.1,3.8,10.8
Config893,3.1,2.5,25.9,-4.8,26.9,-17.4,15.2
Config894,6.3,-5.5,-9.4,-12.5,22.3,24.7,32.6
Config895,13.1,-4,0.2,8.7,41.1,7.3,16.7
Config896,42.4,9.3,-3.4,-3.8,17,28,0.6
Config897,-4.2,10.8,31.1,-11.9,44.1,18.9,5.5
Config898,-7,12.3,-3.5,38,1.1,-16.3,28.8
Config899,36.1,-8,34.2,-1.1,41.4,-14.5,13.3
Config900,40.8,-15.1,30.5,-8.3,24.6,-10.2,23
Config901,15.7,-3.7,33.8,-4.8,29.2,14,11.2
Config902,41.1,-3.4,-32.4,1.3,26.3,0.4,41.6
Config903,-9,-9.1,-30.3,18.7,5.4,18.3,13.2
Config904,36,-3,7.6,8.1,23.9,29,29.6
Config905,22,10.4,13.6,15.7,6.8,25.6,43.6
Config906,-2.4,-14.9,27.1,-3.3,40.2,0.1,11.7
Config907,3.1,13.9,9,19.7,43.8,31.9,38
Config908,-7.3,-12.9,-17.5,11.1,10.3,25.1,12.6
Config909,-7.4,-0.5,25.1,-16.8,13.2,33.6,43.6
Config910,34.9,-12,-33.2,32.3,41,29.8,35.7
Config911,37.4,2.3,22.9,12.6,20.6,-3.1,42.7
Config912,4.9,-1.4,8.3,28.2,5.4,16.8,6.4
Config913,39.2,-12.7,6.4,28.9,21.6,9.5,9.2
Config914,28.2,-17.6,-3.4,10.6,43.9,17.9,5.9
Config915,24.4,-11.6,-33.9,34.8,35,5.3,37
Config916,9.9,-12.2,0.7,34.3,2.5,14.5,32.9
Config917,17.6,-17.3,13.3,18.7,5.5,12.9,8
Config918,12.1,-13.8,-27.8,28.7,32.7,-14.4,13.3
Config919,-9,-1.7,-33.7,37.5,29.4,-1.1,42.9
Config920,15.7,-3.8,1.7,5.3,33.3,-10.4,28.2
Config921,18.7,20.9,15.7,32.7,23.6,-1.9,21.4
Config922,41,7.9,35,23.5,15.9,29.7,33.4
Config923,43.6,14.8,-19.9,14.7,7.2,33.6,9.3
Config924,1.1,11.3,-25.9,37.8,11.4,15.3,7
Config925,-1.9,12.1,-29,13.7,31.6,-2.3,22.5
Config926,38.9,-9,-0.4,-16.7,13.2,12.8,8
Config927,46,18,-9.4,-12.2,13.1,36.3,4.9
Config928,18.9,12.6,-26.3,21.2,39,1.9,11.3
Config929,20,-5.1,-6.1,-5.6,30.1,32.6,17.5
Config930,12.8,-13.6,31.8,7.1,9.8,22.8,41.4
Config931,48.1,7.4,1.8,-14.7,13.2,36.2,13.8
Config932,-6,-8.2,29.5,-15.9,13.2,34.7,-1.3
Config933,-9.9,-14.8,25.6,2.4,26,38.2,-6.3
Config934,42.9,-11.5,21.3,19,5.3,-8.3,14.9
Config935,19.7,19.3,29,32.5,38.3,30.2,43.9
Config936,29.2,-2.8,6.2,25.2,20.5,37.3,5.8
Config937,0.3,12.4,28.4,39,11.2,25,38.2
Config938,23.1,-18.9,-27.5,23.9,11.5,35.3,20.1
Config939,2.8,-5.3,2.1,37.3,32.9,-17.4,31.9
Config940,-0.3,-8.1,-10.6,22.9,35,26.7,27.8
Config941,4.9,-13.6,-33.4,-4.3,12.4,22.2,34.1
Config942,18.9,16.1,0.2,-6,15.7,-11.4,13.1
Config943,13,-11.4,16,-0.3,14.8,18.5,5.7
Config944,0.3,-10.5,13.8,-17,13.2,37.8,5.9
Config945,-4.5,-7,4.8,29,-0.1,28.1,3.8
Config946,46.8,8.1,26.1,5.7,31.9,-6.9,12.8
Config947,43.2,-6.2,14.7,5,18.9,31.3,36.7
Config948,42.6,15.9,22.4,-12.1,42.2,33.3,-2.3
Config949,29.8,9.5,33,6.5,19.1,9,42
Config950,31,6.6,25.9,20.6,33.3,-15.8,13.3
Config951,17.5,-16.3,-10.3,26.4,43.1,36.5,37.5
Config952,0.2,20.5,-6.6,-5.2,16.1,-17.5,13.2
Config953,-12.8,3.6,34.7,14.9,24.2,33.5,6.8
Config954,32.4,-14.3,6.3,23.3,3.2,-3.9,12.4
Config955,22.4,10.7,-7.7,-16.8,13.2,21.8,15.7
Config956,13.2,-16.8,13.6,22.9,3.4,17.6,23.9
Config957,2.9,1.3,-7.1,3.2,13.5,3.7,20.7
Config958,-1.3,17.3,-20.3,-6,42.6,-16.4,13.3
Config959,43.8,2.6,24,10.2,32.4,39,1.7
Config960,16.1,18.5,28.1,10,8.9,-12.2,13.2
Config961,38.2,-12.3,-32.5,19.4,6.9,26.5,17.4
Config962,35.5,4,-19.7,9.1,34,27.3,34.7
Config963,-7.2,-2,10.9,21.9,17.3,1,11.5
Config964,28.9,3.3,30.7,-1.2,25.3,22,24.9
Config965,33.9,17.3,16.5,10.7,26.5,23.7,16.1
Config966,15,8.3,33.2,35.4,31,29.9,6.3
Config967,29.3,-10.7,33.4,3.9,28.4,-15,13.3
Config968,40.6,7.5,6.4,-8.1,12.8,19.5,5.2
Config969,20.8,-3.1,-28.3,20.2,17.9,17.1,22
Config970,18.5,-19.3,-12.1,7.9,10.2,-4,26.3
Config971,47.6,16.4,-20.8,27.7,19.5,11.2,36.6
Config972,41.7,-16.3,10,33.3,32.5,14.1,7.5
Config973,7.1,6.6,28.2,28.7,11.2,-14,13.2
Config974,-8.7,10.5,-33.1,39.1,10.7,2.7,26.1
Config975,0.6,13.8,-14.8,3.6,26.6,-1.4,36.6
Config976,-8.1,14,8.7,-0.2,11.7,23.3,13.2
Config977,33.2,-14.3,-24.4,33.2,13.3,24.7,40.9
Config978,-12.3,-13.2,29.2,17.4,25.4,27.1,6.2
Config979,25.6,12.3,10.5,17.5,14.2,9.9,9
Config980,41,-5.8,7.9,38.4,-5,24.3,26.1
Config981,26.7,-17.9,-33.7,1.7,15.3,38.8,17.5
Config982,10.6,-11,20.8,38.4,5.4,-16.3,34.7
Config983,39.7,-5.6,16,-0.4,20,11,39.9
Config984,2.5,-13.8,-28.6,38,22.8,33,-2.5
Config985,12.9,11.8,-5.9,-9.6,39.4,7.7,9.8
Config986,31.1,-17.8,25.8,0.4,27.2,28.3,5.8
Config987,16.6,-15.7,-15,5,29.7,-9.1,14.1
Config988,10.7,-8.5,-31.7,10.3,23,10.8,17.9
Config989,36.5,14,-10,16.9,15,20,27.9
Config990,14.6,-3.6,-24.6,-5.9,19.1,4.6,11.1
Config991,10.5,15.7,27,4.1,44.3,0.3,11.6
Config992,29.9,-4.2,12.5,-13.6,43.2,0,11.7
Config993,15.2,15.2,-22.3,38.2,9.2,-7.2,41
Config994,33.6,15.5,10.8,-12.5,17,33.9,24
Config995,18.1,5.5,9.3,-1.7,34.9,1.5,12.4
Config996,26.7,-14.6,-11.9,6.1,10.1,26,45
Config997,39.9,0.3,-20.5,6.5,21.6,-5.2,43.2
Config998,16.1,-9,-2.9,-13.3,16,2.5,42.6
Config999,18.7,7.8,-23.1,29.4,37,30.5,5.9
Config1000,31,17.3,25.8,-5.1,30.1,4.7,11.9
